[
    {
        "nombre": "Limberth",
        "apellido": "Alarcón  Avendaño",
        "ci": "2862429 Cbba",
        "codigo_registro": "03-003",
        "correo": "",
        "direccion": "Calle Rosas s/n",
        "celular": "71714935",
        "telefono": "",
        "fecha_afiliacion": "04/05/1997",
        "titulo_profesional": "Ingeniero en Geodesia y Topografia",
        "grado_academico": "Licenciatura",
        "titulado_de": "Universidad Latinoamericana"
    },
    {
        "nombre": "René  Max",
        "apellido": "Luna  Chuquimia",
        "ci": "2553140 L.P.",
        "codigo_registro": "03-004",
        "correo": "topo_luna@hotmail.com",
        "direccion": "c/ Moliere N° 110",
        "celular": "72734491",
        "telefono": "4582436",
        "fecha_afiliacion": "04/05/1997",
        "titulo_profesional": "Tecnico Superior en Topografia",
        "grado_academico": "Técnico Superior",
        "titulado_de": "Universidad Militar de las FF.A."
    },
    {
        "nombre": "John  William",
        "apellido": "Chavarría  Álvarez",
        "ci": "2348491 LP.",
        "codigo_registro": "03-005",
        "correo": "chava73@hotmail.com",
        "direccion": "c/ Pojo N° 286",
        "celular": "72295521",
        "telefono": "4553643",
        "fecha_afiliacion": "04/05/1997",
        "titulo_profesional": "Tecnico Universitario Superior en Topografia y Geodesia",
        "grado_academico": "Tecnico Universitario Superior",
        "titulado_de": "Escuela Militar de Ingenieria"
    },
    {
        "nombre": "Edgar Gonzalo",
        "apellido": "Figueredo  Salcedo",
        "ci": "072294 L.P.",
        "codigo_registro": "03-007",
        "correo": "",
        "direccion": "c/ Leon Tolstoy N° 123",
        "celular": "71766451",
        "telefono": "4291845",
        "fecha_afiliacion": "04/05/1997",
        "titulo_profesional": "Tecnico Universitario Superior en Topografia y Geodesia",
        "grado_academico": "Tecnico Universitario Superior",
        "titulado_de": "Escuela Militar de Ingenieria"
    },
    {
        "nombre": "Luis  Roberto",
        "apellido": "Navarro  Loayza",
        "ci": "2334421 L.P.",
        "codigo_registro": "03-008",
        "correo": "navarro.docente2020@gmail.com",
        "direccion": "Calle Montenegro N° 400",
        "celular": "71754211",
        "telefono": "4474006",
        "fecha_afiliacion": "04/05/1997",
        "titulo_profesional": "Tecnico Universitario Superior en Topografia y Geodesia",
        "grado_academico": "Licenciatura",
        "titulado_de": "Escuela Militar de Ingenieria"
    },
    {
        "nombre": "Elio  Natalio",
        "apellido": "León  Roque",
        "ci": "4314445 L.P.",
        "codigo_registro": "03-013",
        "correo": "elioleonroque@gmail.com",
        "direccion": "",
        "celular": "71438067",
        "telefono": "4660637",
        "fecha_afiliacion": "30/05/2010",
        "titulo_profesional": "Ingeniero en Geodesia y Topografia",
        "grado_academico": "Licenciatura",
        "titulado_de": "Universidad Latinoamericana"
    },
    {
        "nombre": "Emilio",
        "apellido": "Choque  Mejía",
        "ci": "2727924 Or.",
        "codigo_registro": "03-016",
        "correo": "",
        "direccion": "c/Antenor de la Via s/n",
        "celular": "74342887",
        "telefono": "4022244",
        "fecha_afiliacion": "26/04/2010",
        "titulo_profesional": "Topografo",
        "grado_academico": "Técnico Medio",
        "titulado_de": "Instituto Latinoamericano"
    },
    {
        "nombre": "Rioni",
        "apellido": "Unzueta  Bustamante",
        "ci": "3620685 Cbba.",
        "codigo_registro": "03-019",
        "correo": "",
        "direccion": "",
        "celular": "70798676",
        "telefono": "4766213",
        "fecha_afiliacion": "26/07/2010",
        "titulo_profesional": "Ingeniero en Geodesia y Topografia",
        "grado_academico": "Licenciatura",
        "titulado_de": "Universidad Latinoamericana"
    },
    {
        "nombre": "Freddy  Leonardo",
        "apellido": "Torrez  Quisbet",
        "ci": "2291980 L.P.",
        "codigo_registro": "03-027",
        "correo": "",
        "direccion": "c/ Ivan Bluske N° 220",
        "celular": "71745816",
        "telefono": "7020162",
        "fecha_afiliacion": "06/09/2010",
        "titulo_profesional": "Tecnico Universitario Superior en Topografia y Geodesia",
        "grado_academico": "Tecnico Universitario Superior",
        "titulado_de": "Escuela Militar de Ingenieria"
    },
    {
        "nombre": "Reynel  Cesar",
        "apellido": "Aguilar  Conde",
        "ci": "2709227 L.P.",
        "codigo_registro": "03-032",
        "correo": "",
        "direccion": "",
        "celular": "77420034",
        "telefono": "4431816",
        "fecha_afiliacion": "10/2/2011",
        "titulo_profesional": "Tecnico Superior en Topografia",
        "grado_academico": "Técnico Superior",
        "titulado_de": "Universidad Mayor San Francisco Xavier"
    },
    {
        "nombre": "Edzon",
        "apellido": "Sánchez  Revollo",
        "ci": "5274323 Cbba.",
        "codigo_registro": "03-035",
        "correo": "edzonsr1@gmail.com",
        "direccion": "c/ Martin Cardenas s/n",
        "celular": "72277751",
        "telefono": "4457928",
        "fecha_afiliacion": "14/5/2011",
        "titulo_profesional": "Ingeniero en Geodesia y Topografia",
        "grado_academico": "Licenciatura",
        "titulado_de": "Universidad Latinoamericana"
    },
    {
        "nombre": "Juanito",
        "apellido": "Gutiérrez  Rojas",
        "ci": "5183783 Cbba.",
        "codigo_registro": "03-039",
        "correo": "",
        "direccion": "",
        "celular": "74360025",
        "telefono": "",
        "fecha_afiliacion": "6/7/2011",
        "titulo_profesional": "Tecnico Superior en Topografia, Cartografia y Planificacion Territorial",
        "grado_academico": "Técnico Superior",
        "titulado_de": "Universidad San Pablo"
    },
    {
        "nombre": "Ramiro",
        "apellido": "Fuentes",
        "ci": "5920189 Cbba.",
        "codigo_registro": "03-057",
        "correo": "",
        "direccion": "",
        "celular": "76481090",
        "telefono": "4730132",
        "fecha_afiliacion": "21/3/2012",
        "titulo_profesional": "Tecnico Superior en Topografia, Cartografia y Planificacion Territorial",
        "grado_academico": "Técnico Superior",
        "titulado_de": "Universidad San Pablo"
    },
    {
        "nombre": "Juan",
        "apellido": "Mamani  Solís",
        "ci": "6459044 Cbba.",
        "codigo_registro": "03-070",
        "correo": "",
        "direccion": "",
        "celular": "76901927",
        "telefono": "",
        "fecha_afiliacion": "6/7/2012",
        "titulo_profesional": "Tecnico Universitario Superior en Topografia y Planificacion Territorial",
        "grado_academico": "Tecnico Universitario Superior",
        "titulado_de": "Universidad San Pablo"
    },
    {
        "nombre": "Reina  Angélica",
        "apellido": "Escobar  Cayo",
        "ci": "4518961 Cbba.",
        "codigo_registro": "03-083",
        "correo": "",
        "direccion": "",
        "celular": "72247242",
        "telefono": "",
        "fecha_afiliacion": "1/9/2013",
        "titulo_profesional": "Tecnico Superior en Topografia, Cartografia y Planificacion Territorial",
        "grado_academico": "Técnico Superior",
        "titulado_de": "Universidad San Pablo"
    },
    {
        "nombre": "Luis  Adalid",
        "apellido": "Orellana  Mamani",
        "ci": "3777919 Cbba.",
        "codigo_registro": "03-089",
        "correo": "gt.laom70@gmail.com",
        "direccion": "",
        "celular": "67409551",
        "telefono": "4312303",
        "fecha_afiliacion": "28/5/2014",
        "titulo_profesional": "Ingeniero en Geodesia y Topografia",
        "grado_academico": "Licenciatura",
        "titulado_de": "Universidad Latinoamericana"
    },
    {
        "nombre": "Máximo",
        "apellido": "Calizaya  Cabrera",
        "ci": "5240473 Cbba.",
        "codigo_registro": "03-093",
        "correo": "",
        "direccion": "",
        "celular": "68515407",
        "telefono": "4242408",
        "fecha_afiliacion": "1/4/2015",
        "titulo_profesional": "Tecnico Universitario en Topografia y Planificacion Territorial",
        "grado_academico": "Tecnico Universitario Superior",
        "titulado_de": "Universidad San Pablo"
    },
    {
        "nombre": "Dennys",
        "apellido": "Antezana  Mamani",
        "ci": "5317396 Cbba.",
        "codigo_registro": "03-094",
        "correo": "",
        "direccion": "",
        "celular": "76482585",
        "telefono": "4409192",
        "fecha_afiliacion": "1/4/2015",
        "titulo_profesional": "Tecnico Superior en Topografia, Cartografia y Planificacion Territorial",
        "grado_academico": "Técnico Superior",
        "titulado_de": "Universidad San Pablo"
    },
    {
        "nombre": "Juan  Rudy",
        "apellido": "Uño  Rodriguez",
        "ci": "9349772 Cbba.",
        "codigo_registro": "03-102",
        "correo": "",
        "direccion": "",
        "celular": "77995530",
        "telefono": "",
        "fecha_afiliacion": "3/12/2015",
        "titulo_profesional": "Ingeniero en Geodesia y Topografia",
        "grado_academico": "Licenciatura",
        "titulado_de": "Universidad Latinoamericana"
    },
    {
        "nombre": "Ernesto",
        "apellido": "Yucra  Coca",
        "ci": "5901233 Cbba",
        "codigo_registro": "03-103",
        "correo": "",
        "direccion": "",
        "celular": "79394521",
        "telefono": "4511646",
        "fecha_afiliacion": "28/1/2016",
        "titulo_profesional": "Tecnico Superior en Topografia , Cartografia y Planificacion Territorial",
        "grado_academico": "Técnico Superior",
        "titulado_de": "Universidad San Pablo"
    },
    {
        "nombre": "Alexis  Rene",
        "apellido": "Apaza  Huanto",
        "ci": "7868705 Cbba.",
        "codigo_registro": "03-107",
        "correo": "",
        "direccion": "",
        "celular": "79751027",
        "telefono": "4746751",
        "fecha_afiliacion": "23/5/2016",
        "titulo_profesional": "Ingeniero en Geodesia y Topografia",
        "grado_academico": "Licenciatura",
        "titulado_de": "Universidad Latinoamericana"
    },
    {
        "nombre": "Claudia",
        "apellido": "Villarroel  Carballo",
        "ci": "7982576 Cbba.-",
        "codigo_registro": "03-109",
        "correo": "cvillarroelcarballo@gmail.com",
        "direccion": "",
        "celular": "68534145",
        "telefono": "",
        "fecha_afiliacion": "26/2/2015",
        "titulo_profesional": "Topografa",
        "grado_academico": "Técnico Medio",
        "titulado_de": "Instituto Tecnico Sacaba"
    },
    {
        "nombre": "Raul",
        "apellido": "Lopez  Torrico",
        "ci": "",
        "codigo_registro": "03-113",
        "correo": "",
        "direccion": "",
        "celular": "72297834",
        "telefono": "",
        "fecha_afiliacion": "25/4/2017",
        "titulo_profesional": "Tecnico Superior en Topografia , Cartografia y Planificacion Territorial",
        "grado_academico": "",
        "titulado_de": "Universidad San Pablo"
    },
    {
        "nombre": "Vladimir  Denis",
        "apellido": "Martinelly  Zeballos",
        "ci": "",
        "codigo_registro": "03-121",
        "correo": "",
        "direccion": "",
        "celular": "72796243",
        "telefono": "",
        "fecha_afiliacion": "12/11/2017",
        "titulo_profesional": "Tecnico Superior en Topografia , Cartografia y Planificacion Territorial",
        "grado_academico": "",
        "titulado_de": "Universidad San Pablo"
    },
    {
        "nombre": "Jorge  F.",
        "apellido": "Rojas  Ramallo",
        "ci": "",
        "codigo_registro": "03-125",
        "correo": "Jorge.f.rojas.r@gmail.com",
        "direccion": "",
        "celular": "",
        "telefono": "4409144",
        "fecha_afiliacion": "5/2/2010",
        "titulo_profesional": "Tecnico Superior en Topografia",
        "grado_academico": "",
        "titulado_de": "Universidad Real y Pontificia San Francisco Xavier"
    },
    {
        "nombre": "Deymar",
        "apellido": "Garcia  Orellana",
        "ci": "",
        "codigo_registro": "03-129",
        "correo": "garciaorellanadeymar69@gmail.com",
        "direccion": "",
        "celular": "77940628",
        "telefono": "",
        "fecha_afiliacion": "6/6/2018",
        "titulo_profesional": "Tecnico Superior en Topografia",
        "grado_academico": "",
        "titulado_de": "Instituto Tecnico Sacaba"
    },
    {
        "nombre": "Edwin",
        "apellido": "Peña  Alvarado",
        "ci": "",
        "codigo_registro": "03-131",
        "correo": "top95albarado@gmail.com",
        "direccion": "",
        "celular": "79336694",
        "telefono": "",
        "fecha_afiliacion": "26/11/2018",
        "titulo_profesional": "Tecnico Superior en Topografia",
        "grado_academico": "",
        "titulado_de": "Instituto Tecnico Sacaba"
    },
    {
        "nombre": "Carlos",
        "apellido": "Caceres  Claros",
        "ci": "7955607 cbba.",
        "codigo_registro": "03-133",
        "correo": "caceresclaros@gmail.com",
        "direccion": "",
        "celular": "67538441",
        "telefono": "",
        "fecha_afiliacion": "24/1/2019",
        "titulo_profesional": "Tecnico Superior en Topografia",
        "grado_academico": "",
        "titulado_de": "Instituto Tecnico Sacaba"
    },
    {
        "nombre": "Christian",
        "apellido": "Flores  Rodriguez",
        "ci": "",
        "codigo_registro": "03-135",
        "correo": "",
        "direccion": "",
        "celular": "68479192",
        "telefono": "",
        "fecha_afiliacion": "",
        "titulo_profesional": "Tecnico Superior en Topografia",
        "grado_academico": "",
        "titulado_de": "Instituto Tecnico Sacaba"
    },
    {
        "nombre": "Miguel  A.",
        "apellido": "Condori  Ramallo",
        "ci": "7934184 Cbba",
        "codigo_registro": "03-136",
        "correo": "angel10.10mr@gmail.com",
        "direccion": "Pacata Alta N° 10",
        "celular": "60763310",
        "telefono": "",
        "fecha_afiliacion": "26/6/2020",
        "titulo_profesional": "Tecnico Superior en Topografia y Geodesia",
        "grado_academico": "Técnico Superior",
        "titulado_de": "ITICPM"
    },
    {
        "nombre": "Edgar",
        "apellido": "Flores  Cruz",
        "ci": "7045410 L.P.",
        "codigo_registro": "03-137",
        "correo": "",
        "direccion": "",
        "celular": "67575499",
        "telefono": "",
        "fecha_afiliacion": "16/2/2019",
        "titulo_profesional": "Tecnico Superior en Topografia",
        "grado_academico": "Técnico Superior",
        "titulado_de": "ITSA"
    },
    {
        "nombre": "Bernardo",
        "apellido": "Ayala  Rocha",
        "ci": "13896613 Cbba",
        "codigo_registro": "03-138",
        "correo": "ayalaalbabernardo@gmail.com",
        "direccion": "Av. Suarez miranda N° 927",
        "celular": "67407614",
        "telefono": "",
        "fecha_afiliacion": "24/5/2019",
        "titulo_profesional": "Tecnico Superior en Topografia",
        "grado_academico": "Técnico Superior",
        "titulado_de": "ITSA"
    },
    {
        "nombre": "Wilber",
        "apellido": "Gomez  Quiroz",
        "ci": "8681028 Cbba",
        "codigo_registro": "03-139",
        "correo": "wil.g.quiroz@gmail.com",
        "direccion": "C/ Ayacucho N° 343-Sacaba",
        "celular": "67551521",
        "telefono": "",
        "fecha_afiliacion": "31/5/2019",
        "titulo_profesional": "Tecnico Superior en Topografia",
        "grado_academico": "Técnico Superior",
        "titulado_de": "ITSA"
    },
    {
        "nombre": "Alex",
        "apellido": "Alcamamani  Porco",
        "ci": "8660647 Cbba",
        "codigo_registro": "03-141",
        "correo": "alex.alpo.43@gmail.com",
        "direccion": "C/ Innominada",
        "celular": "76957646",
        "telefono": "",
        "fecha_afiliacion": "17/6/2019",
        "titulo_profesional": "Tecnico Superior en Topografia",
        "grado_academico": "Técnico Superior",
        "titulado_de": "ITSA"
    },
    {
        "nombre": "Celestino",
        "apellido": "Juchasara  Javier",
        "ci": "877687 Cbba",
        "codigo_registro": "03-142",
        "correo": "",
        "direccion": "Pucara Grande",
        "celular": "77429309",
        "telefono": "",
        "fecha_afiliacion": "26/7/2020",
        "titulo_profesional": "Tecnico Superior en Topografia",
        "grado_academico": "Técnico Superior",
        "titulado_de": "ITSA"
    },
    {
        "nombre": "Benjamin  Amadeo",
        "apellido": "Bustos  Flores",
        "ci": "8718639 Cbba",
        "codigo_registro": "03-143",
        "correo": "bempo777@gmail.com",
        "direccion": "Villa San Rafael- Chapare",
        "celular": "79790014",
        "telefono": "",
        "fecha_afiliacion": "9/8/2019",
        "titulo_profesional": "Tecnico Superior en Topografia y Geodesia",
        "grado_academico": "Técnico Superior",
        "titulado_de": "ITICPM"
    },
    {
        "nombre": "Carla",
        "apellido": "Marcos  Lopez",
        "ci": "7997791 Cbba",
        "codigo_registro": "03-144",
        "correo": "carly31marcus@gmail.com",
        "direccion": "Av Petrolera 3y 1/2",
        "celular": "76460154",
        "telefono": "",
        "fecha_afiliacion": "26/8/2019",
        "titulo_profesional": "Tecnico Superior en Topografia y Geodesia",
        "grado_academico": "Técnico Superior",
        "titulado_de": "ITICPM"
    },
    {
        "nombre": "Jose  Jhonny",
        "apellido": "Quiroz  Sanchez",
        "ci": "7923599 Cbba",
        "codigo_registro": "03-145",
        "correo": "josejhon399@gmail.com",
        "direccion": "C/ Ayacucho N° 343- Sacaba",
        "celular": "67551793",
        "telefono": "",
        "fecha_afiliacion": "18/10/2019",
        "titulo_profesional": "Tecnico Superior en Topografia",
        "grado_academico": "Técnico Superior",
        "titulado_de": "ITSA"
    },
    {
        "nombre": "Juan  Pablo",
        "apellido": "Mariscal  Gabriel",
        "ci": "6516393 Cbba",
        "codigo_registro": "03-147",
        "correo": "",
        "direccion": "Reducto Tiquipaya",
        "celular": "70344361",
        "telefono": "",
        "fecha_afiliacion": "5/2/2020",
        "titulo_profesional": "Tecnico Superior en Topografia",
        "grado_academico": "Técnico Superior",
        "titulado_de": "ITSA"
    },
    {
        "nombre": "Cristobal",
        "apellido": "Arispe  Vallejos",
        "ci": "7967458 cbba.",
        "codigo_registro": "03-148",
        "correo": "cristobalarispe@gmail.com",
        "direccion": "C/ Aroma- Sacaba",
        "celular": "7967458",
        "telefono": "",
        "fecha_afiliacion": "28/7/2020",
        "titulo_profesional": "Tecnico Superior en Topografia",
        "grado_academico": "Técnico Superior",
        "titulado_de": "ITSA"
    },
    {
        "nombre": "Nelson  Mamani",
        "apellido": "Coyo",
        "ci": "8049173 Cbba",
        "codigo_registro": "03-149",
        "correo": "nelcoyo123@gmail.com",
        "direccion": "Villa 14 Sep-Chapare",
        "celular": "63961414",
        "telefono": "",
        "fecha_afiliacion": "19/8/2020",
        "titulo_profesional": "Tecnico Superior en Topografia",
        "grado_academico": "Técnico Superior",
        "titulado_de": "ITSA"
    },
    {
        "nombre": "Ruben",
        "apellido": "Guarachi  Aspi",
        "ci": "4946362 L.P.",
        "codigo_registro": "03-150",
        "correo": "rubguarachi@gmail.com",
        "direccion": "",
        "celular": "74818650",
        "telefono": "",
        "fecha_afiliacion": "19/10/2022",
        "titulo_profesional": "Licenciado en Topografia y Geodesia",
        "grado_academico": "Licenciatura",
        "titulado_de": "UMSA"
    },
    {
        "nombre": "David",
        "apellido": "Caceres  Claros",
        "ci": "8815309 Cbba",
        "codigo_registro": "03-152",
        "correo": "caceres.dcc33@gmail.com",
        "direccion": "Av Martin C.- Chapare",
        "celular": "67447692",
        "telefono": "",
        "fecha_afiliacion": "19/8/2020",
        "titulo_profesional": "Tecnico Superior en Topografia",
        "grado_academico": "Técnico Superior",
        "titulado_de": "ITSA"
    },
    {
        "nombre": "Pedro",
        "apellido": "Illanes  Laime",
        "ci": "4469775 Cbba",
        "codigo_registro": "03-153",
        "correo": "p.illanes200@gmail.com",
        "direccion": "Alto Alianza-Punata",
        "celular": "71430534",
        "telefono": "",
        "fecha_afiliacion": "4/3/2019",
        "titulo_profesional": "Tecnico Superior en Topografia",
        "grado_academico": "Técnico Superior",
        "titulado_de": "ITSA"
    },
    {
        "nombre": "Ivan  Natan",
        "apellido": "Balderrama  Oquendo",
        "ci": "",
        "codigo_registro": "03-154",
        "correo": "raudoiwalkalone44@gmail.com",
        "direccion": "Blanco G.-Quillacollo",
        "celular": "70383371",
        "telefono": "",
        "fecha_afiliacion": "21/10/2020",
        "titulo_profesional": "Ingeniero en Geodesia y Topografia",
        "grado_academico": "Licenciatura",
        "titulado_de": "ULAT"
    },
    {
        "nombre": "Julian",
        "apellido": "Aracayo  Valencia",
        "ci": "",
        "codigo_registro": "03-155",
        "correo": "",
        "direccion": "",
        "celular": "72070054",
        "telefono": "",
        "fecha_afiliacion": "13/11/2020",
        "titulo_profesional": "",
        "grado_academico": "",
        "titulado_de": ""
    },
    {
        "nombre": "Lino  Lider",
        "apellido": "Rivera  Vela",
        "ci": "8835847 Cbba",
        "codigo_registro": "03-156",
        "correo": "lider.surveyor@gmail.com",
        "direccion": "Centro Glorieta-Sacaba",
        "celular": "74809557",
        "telefono": "",
        "fecha_afiliacion": "4/12/2020",
        "titulo_profesional": "Tecnico Superior en Topografia",
        "grado_academico": "Técnico Superior",
        "titulado_de": "ITSA"
    },
    {
        "nombre": "Roman",
        "apellido": "Caisina  Millares",
        "ci": "10516969 Pts.",
        "codigo_registro": "03-157",
        "correo": "romanmillares@gmail.com",
        "direccion": "Av Reducto-Tiquipaya",
        "celular": "60361498",
        "telefono": "",
        "fecha_afiliacion": "4/12/2020",
        "titulo_profesional": "Tecnico Superior en Topografia",
        "grado_academico": "Técnico Superior",
        "titulado_de": "ITSA"
    },
    {
        "nombre": "Benjamin",
        "apellido": "Merida  Sanchez",
        "ci": "8716889 Cbba",
        "codigo_registro": "03-158",
        "correo": "benjamin.mz@gmail.com",
        "direccion": "C/ Beni - Sacaba",
        "celular": "72286342",
        "telefono": "",
        "fecha_afiliacion": "22/1/2021",
        "titulo_profesional": "Tecnico Superior en Topografia",
        "grado_academico": "Técnico Superior",
        "titulado_de": "ITSA"
    },
    {
        "nombre": "Neiza",
        "apellido": "Valdivia  Lopez",
        "ci": "6524010 Cbba",
        "codigo_registro": "03-159",
        "correo": "valdivia5pez@gmail.com",
        "direccion": "Petrolera 4 y 1/2",
        "celular": "60723373",
        "telefono": "",
        "fecha_afiliacion": "5/2/2021",
        "titulo_profesional": "Tecnico Superior en Topografia y Geodesia",
        "grado_academico": "Técnico Superior",
        "titulado_de": "ITICPM"
    },
    {
        "nombre": "Eduardo",
        "apellido": "Calizaya  Yucra",
        "ci": "6536239 Cbba",
        "codigo_registro": "03-160",
        "correo": "edu_calizaya88@hotmail.com",
        "direccion": "Av Villazon 7 1/2",
        "celular": "74362428",
        "telefono": "",
        "fecha_afiliacion": "5/2/2021",
        "titulo_profesional": "Tecnico Superior en Topografia y Geodesia",
        "grado_academico": "Técnico Superior",
        "titulado_de": "ITICPM"
    },
    {
        "nombre": "Diemar",
        "apellido": "Flores  Vidal",
        "ci": "9455370 Cbba",
        "codigo_registro": "03-161",
        "correo": "Diemar_fv@gmail.com",
        "direccion": "tiraque",
        "celular": "72795134",
        "telefono": "",
        "fecha_afiliacion": "11/2/2021",
        "titulo_profesional": "Tecnico Superior en Topografia",
        "grado_academico": "Técnico Superior",
        "titulado_de": "ITSA"
    },
    {
        "nombre": "Reinaldo",
        "apellido": "Rojas  Rocha",
        "ci": "4473396 Cbba",
        "codigo_registro": "03-164",
        "correo": "rojas_35topgraf@hotmail.com",
        "direccion": "P matias - Ticti Sud",
        "celular": "71718577",
        "telefono": "",
        "fecha_afiliacion": "9/3/2021",
        "titulo_profesional": "Ingeniero en Geodesia y Topografia",
        "grado_academico": "Licenciatura",
        "titulado_de": "ULAT"
    },
    {
        "nombre": "Adalith",
        "apellido": "Gonzales  Ramirez",
        "ci": "7966121 Cbba",
        "codigo_registro": "03-165",
        "correo": "alan.pacho.26@gmail.com",
        "direccion": "c/ Otero las cuadras",
        "celular": "75949190",
        "telefono": "",
        "fecha_afiliacion": "19/4/2021",
        "titulo_profesional": "Tecnico Superior en Topografia y Geodesia",
        "grado_academico": "Técnico Superior",
        "titulado_de": "ITICPM"
    },
    {
        "nombre": "Johnny",
        "apellido": "Bascopé  Gutiérrez",
        "ci": "4466834 Cbba",
        "codigo_registro": "03-166",
        "correo": "",
        "direccion": "c/ Los laureles Villa Moscu",
        "celular": "70766985",
        "telefono": "",
        "fecha_afiliacion": "18/5/2021",
        "titulo_profesional": "Tecnico Superior en Topografia y Geodesia",
        "grado_academico": "Técnico Superior",
        "titulado_de": "ITICPM"
    },
    {
        "nombre": "Rider",
        "apellido": "Sanchez  Acosta",
        "ci": "8700149 Cbba",
        "codigo_registro": "03-168",
        "correo": "sanchezrider76@gmail.com",
        "direccion": "Ucuchi-Sacaba",
        "celular": "73692860",
        "telefono": "",
        "fecha_afiliacion": "1/7/2021",
        "titulo_profesional": "Tecnico Superior en Topografia y Geodesia",
        "grado_academico": "Técnico Superior",
        "titulado_de": "ITICPM"
    },
    {
        "nombre": "Alvaro",
        "apellido": "Hinojosa  Mamani",
        "ci": "9345929 Cbba",
        "codigo_registro": "03-169",
        "correo": "",
        "direccion": "c/Santa Cruz- Sacaba",
        "celular": "77928972",
        "telefono": "",
        "fecha_afiliacion": "28/7/2021",
        "titulo_profesional": "Tecnico Superior en Topografia",
        "grado_academico": "Técnico Superior",
        "titulado_de": "ITSA"
    },
    {
        "nombre": "Eliseo",
        "apellido": "Solíz  Lopez",
        "ci": "6400641 Cbba",
        "codigo_registro": "03-172",
        "correo": "solizeliseo2@gmail.com",
        "direccion": "Villa Tunari- Sacaba",
        "celular": "73774089",
        "telefono": "",
        "fecha_afiliacion": "2/12/2021",
        "titulo_profesional": "Tecnico Superior en Topografia",
        "grado_academico": "Técnico Superior",
        "titulado_de": "ITSA"
    },
    {
        "nombre": "Freddy  Luis",
        "apellido": "Choque  Cori",
        "ci": "8683338 Cbba",
        "codigo_registro": "03-176",
        "correo": "freddyluis@outlook.es",
        "direccion": "Molle Molle-Sacaba",
        "celular": "77962888",
        "telefono": "",
        "fecha_afiliacion": "25/1/2022",
        "titulo_profesional": "Tecnico Superior en Topografia",
        "grado_academico": "Técnico Superior",
        "titulado_de": "ITSA"
    },
    {
        "nombre": "Alvaro",
        "apellido": "Vallejos  Cardona",
        "ci": "8007371 Cbba",
        "codigo_registro": "03-177",
        "correo": "vallejoslord.23@gmail.com",
        "direccion": "Valle Sajta",
        "celular": "78320444",
        "telefono": "",
        "fecha_afiliacion": "7/2/2022",
        "titulo_profesional": "Tecnico Superior en Topografia y Geodesia",
        "grado_academico": "Técnico Superior",
        "titulado_de": "ITICPM"
    },
    {
        "nombre": "Ilmer",
        "apellido": "Méndez  Lopez",
        "ci": "7901326 Cbba",
        "codigo_registro": "03-178",
        "correo": "mendezshaka@gmail.com",
        "direccion": "C/ Litoral - Sacaba",
        "celular": "67478693",
        "telefono": "",
        "fecha_afiliacion": "15/2/2022",
        "titulo_profesional": "Tecnico Superior en Topografia",
        "grado_academico": "Técnico Superior",
        "titulado_de": "ITSA"
    },
    {
        "nombre": "Raúl",
        "apellido": "Gómez  Claros",
        "ci": "7994457 Cbba",
        "codigo_registro": "03-179",
        "correo": "",
        "direccion": "B. Palmeras - Shinahota",
        "celular": "71010654",
        "telefono": "",
        "fecha_afiliacion": "28/3/2022",
        "titulo_profesional": "Tecnico Superior en Topografia y Geodesia",
        "grado_academico": "Técnico Superior",
        "titulado_de": "ITICPM"
    },
    {
        "nombre": "Roman",
        "apellido": "Otalora  Colque",
        "ci": "8701645 Cbba",
        "codigo_registro": "03-182",
        "correo": "",
        "direccion": "Av. Santa Cruz- Quillacollo",
        "celular": "68570605",
        "telefono": "",
        "fecha_afiliacion": "30/3/2022",
        "titulo_profesional": "Tecnico Superior en Topografia y Geodesia",
        "grado_academico": "Técnico Superior",
        "titulado_de": "ITICPM"
    },
    {
        "nombre": "Sergio",
        "apellido": "Guzman  Ledezma",
        "ci": "9352933 Cbba",
        "codigo_registro": "03-183",
        "correo": "ser.rko.viper@gmail.es",
        "direccion": "Esmeralda norte-Sacaba",
        "celular": "60367151",
        "telefono": "",
        "fecha_afiliacion": "30/3/2022",
        "titulo_profesional": "Tecnico Superior en Topografia",
        "grado_academico": "Técnico Superior",
        "titulado_de": "ITSA"
    },
    {
        "nombre": "Richard  Ulises",
        "apellido": "Guzman  Ledezma",
        "ci": "9420935 Cbba.",
        "codigo_registro": "03-184",
        "correo": "",
        "direccion": "Av. Circunvalación - S/N - Z/Amancayas",
        "celular": "69454492",
        "telefono": "",
        "fecha_afiliacion": "30/3/2022",
        "titulo_profesional": "Técnico Supeior en Topografia y Geodesia",
        "grado_academico": "Técnico Superior",
        "titulado_de": "ITSA"
    },
    {
        "nombre": "Edwin",
        "apellido": "Garcia  Aguilar",
        "ci": "7917942 Cbba.",
        "codigo_registro": "03-185",
        "correo": "",
        "direccion": "C/Comercio - Shinahota - Cbba.",
        "celular": "63956636",
        "telefono": "",
        "fecha_afiliacion": "19/4/2022",
        "titulo_profesional": "Técnico Supeior en Topografia y Geodesia",
        "grado_academico": "Técnico Superior",
        "titulado_de": "ITICPM"
    },
    {
        "nombre": "Limbert",
        "apellido": "Zurita  Rodriguez",
        "ci": "8714958 Cbba.",
        "codigo_registro": "03-186",
        "correo": "",
        "direccion": "Z/Convento - Trarata",
        "celular": "67414945",
        "telefono": "",
        "fecha_afiliacion": "27/4/2022",
        "titulo_profesional": "Técnico Supeior en Topografia y Geodesia",
        "grado_academico": "Técnico Superior",
        "titulado_de": "ITICPM"
    },
    {
        "nombre": "Miguel  Angel",
        "apellido": "Panozo  Rocha",
        "ci": "7948332 Cbba.",
        "codigo_registro": "03-187",
        "correo": "",
        "direccion": "C/Inominada S/N Z/Pampa San Miguel Cbba.",
        "celular": "76460366",
        "telefono": "",
        "fecha_afiliacion": "27/4/2022",
        "titulo_profesional": "Técnico Supeior en Topografia y Geodesia",
        "grado_academico": "Técnico Superior",
        "titulado_de": "ITICPM"
    },
    {
        "nombre": "Vidal",
        "apellido": "Janco  Alcazar",
        "ci": "5904034 Cbba.",
        "codigo_registro": "03-188",
        "correo": "",
        "direccion": "El Paso - Quillacollo",
        "celular": "69434796",
        "telefono": "",
        "fecha_afiliacion": "29/4/2022",
        "titulo_profesional": "Técnico Supeior en Topografia y Geodesia",
        "grado_academico": "Técnico Superior",
        "titulado_de": "ITICPM"
    },
    {
        "nombre": "Ruben",
        "apellido": "Meneces  Siles",
        "ci": "9317626 Cbba.",
        "codigo_registro": "03-189",
        "correo": "",
        "direccion": "Av. V. Paz S/N Cerro San Miguel Cbba",
        "celular": "79386465",
        "telefono": "",
        "fecha_afiliacion": "17/5/2022",
        "titulo_profesional": "Técnico Supeior en Topografia y Geodesia",
        "grado_academico": "Técnico Superior",
        "titulado_de": "ITICPM"
    },
    {
        "nombre": "Yumar",
        "apellido": "Amaru  Perez",
        "ci": "8683831 Cbba.",
        "codigo_registro": "03-190",
        "correo": "yumararies2012@gmail.com",
        "direccion": "Catachilla Baja - Sacaba",
        "celular": "73838709",
        "telefono": "",
        "fecha_afiliacion": "17/6/2022",
        "titulo_profesional": "Técnico Supeior en Topografia y Geodesia",
        "grado_academico": "Técnico Superior",
        "titulado_de": "ITICPM"
    },
    {
        "nombre": "Nelson  Lucio",
        "apellido": "Quispe  Nacho",
        "ci": "4761998 LP.",
        "codigo_registro": "03-191",
        "correo": "",
        "direccion": "Av. Antofagasta S/N - Quillacollo",
        "celular": "72790731",
        "telefono": "",
        "fecha_afiliacion": "23/6/2022",
        "titulo_profesional": "Técnico Supeior en Topografia",
        "grado_academico": "Técnico Superior",
        "titulado_de": "UM \"\"MBBR\"\" La Paz"
    },
    {
        "nombre": "Jhoselin",
        "apellido": "Alejandro  Perez",
        "ci": "12520940 Cbba.",
        "codigo_registro": "03-192",
        "correo": "",
        "direccion": "Z/Villa Obrajes - Sacaba - Cbba.",
        "celular": "63529162",
        "telefono": "",
        "fecha_afiliacion": "19/7/2022",
        "titulo_profesional": "Técnico Supeior en Topografia",
        "grado_academico": "Técnico Superior",
        "titulado_de": "ITSA"
    },
    {
        "nombre": "Juan",
        "apellido": "Ibarra  Heredia",
        "ci": "8049208 Cbba.",
        "codigo_registro": "03-193",
        "correo": "",
        "direccion": "Av. Villazon Km. 10 Huayllani - Sacaba",
        "celular": "70772153",
        "telefono": "",
        "fecha_afiliacion": "4/8/2022",
        "titulo_profesional": "Técnico Supeior en Topografia",
        "grado_academico": "Técnico Superior",
        "titulado_de": "ITSA"
    },
    {
        "nombre": "Juan  Carlos",
        "apellido": "Puma  Taca",
        "ci": "8517143 Ptsi",
        "codigo_registro": "03-194",
        "correo": "",
        "direccion": "Tiutimayu",
        "celular": "74367684",
        "telefono": "",
        "fecha_afiliacion": "4/10/2022",
        "titulo_profesional": "Técnico Supeior en Topografia",
        "grado_academico": "Técnico Superior",
        "titulado_de": "ITSA"
    },
    {
        "nombre": "Marcial",
        "apellido": "Cruz  Lopez",
        "ci": "7996594 Cbba.",
        "codigo_registro": "03-195",
        "correo": "",
        "direccion": "C/Ecologica S/N Z/Villa Obrajes - Sacaba",
        "celular": "72711528",
        "telefono": "",
        "fecha_afiliacion": "14/10/2022",
        "titulo_profesional": "Técnico Supeior en Topografia",
        "grado_academico": "Técnico Superior",
        "titulado_de": "ITSA"
    },
    {
        "nombre": "Wilson",
        "apellido": "Martinez  Caceres",
        "ci": "9413496 Cbba.",
        "codigo_registro": "03-196",
        "correo": "",
        "direccion": "C/Colcha N° 4750 - Villa Pagador - Z/Sud",
        "celular": "68591170",
        "telefono": "",
        "fecha_afiliacion": "24/10/2022",
        "titulo_profesional": "Técnico Supeior en Topografia y Geodesia",
        "grado_academico": "Técnico Superior",
        "titulado_de": "ITICPM"
    },
    {
        "nombre": "Bauster",
        "apellido": "Vargas  Canaviri",
        "ci": "5933464 Cbba.",
        "codigo_registro": "03-197",
        "correo": "bausther1vargas@gmail.com",
        "direccion": "Barrio 1° de Mayo - Zona 4 S/N",
        "celular": "72794932",
        "telefono": "",
        "fecha_afiliacion": "31/10/2022",
        "titulo_profesional": "Ingeniero en Geodesia y Topografia",
        "grado_academico": "Licenciatura",
        "titulado_de": "ULAT"
    },
    {
        "nombre": "Estefany  E.",
        "apellido": "Herrera  Rodriguez",
        "ci": "6480492 LP.",
        "codigo_registro": "03-198",
        "correo": "",
        "direccion": "C/Mariano Mendez - N° 2128 Z/Norte - Cbba.",
        "celular": "64923127",
        "telefono": "",
        "fecha_afiliacion": "3/11/2022",
        "titulo_profesional": "Técnico Supeior en Topografia y Geodesia",
        "grado_academico": "Técnico Superior",
        "titulado_de": "ITICPM"
    },
    {
        "nombre": "Rodrigo",
        "apellido": "Panozo  Condori",
        "ci": "6506725 Cbba",
        "codigo_registro": "03-199",
        "correo": "roka210988@gmail.com",
        "direccion": "Av. Circunvalacíon S/N Z/Norte - Cbba.",
        "celular": "78370628",
        "telefono": "",
        "fecha_afiliacion": "1/12/2022",
        "titulo_profesional": "Técnico Supeior en Topografia y Geodesia",
        "grado_academico": "Técnico Superior",
        "titulado_de": "ITICPM"
    },
    {
        "nombre": "Maria",
        "apellido": "Macias  Claros",
        "ci": "9342993 Cbba.",
        "codigo_registro": "03-200",
        "correo": "",
        "direccion": "C/Pueblo de Belen S/N - Z/Villa Isrrael - Cbba.",
        "celular": "72241569",
        "telefono": "",
        "fecha_afiliacion": "2/12/2022",
        "titulo_profesional": "Técnico Supeior en Topografia y Geodesia",
        "grado_academico": "Técnico Superior",
        "titulado_de": "ITICPM"
    },
    {
        "nombre": "Jose  Antonio",
        "apellido": "Crespo  Lazarte",
        "ci": "8834318 cbba.",
        "codigo_registro": "03-201",
        "correo": "crespojosea7@gmail.com",
        "direccion": "C/Incachaca - Sacaba",
        "celular": "75493704",
        "telefono": "",
        "fecha_afiliacion": "14/12/2022",
        "titulo_profesional": "Técnico Supeior en Topografia y Geodesia",
        "grado_academico": "Técnico Superior",
        "titulado_de": "ITICPM"
    },
    {
        "nombre": "Clemente",
        "apellido": "Soto  Condori",
        "ci": "5154173 Cbba.",
        "codigo_registro": "03-202",
        "correo": "",
        "direccion": "C/Cruz del Sur - B/Libertador - Cbba.",
        "celular": "78329326",
        "telefono": "",
        "fecha_afiliacion": "19/12/2022",
        "titulo_profesional": "Técnico Supeior en Topografia y Geodesia",
        "grado_academico": "Técnico Superior",
        "titulado_de": "ITSA"
    },
    {
        "nombre": "Jorge",
        "apellido": "Aguilar  Triveño",
        "ci": "12556110 Cbba",
        "codigo_registro": "03-203",
        "correo": "",
        "direccion": "Mayu Molino - Sacaba",
        "celular": "76486426",
        "telefono": "",
        "fecha_afiliacion": "10/1/2023",
        "titulo_profesional": "Técnico Supeior en Topografia y Geodesia",
        "grado_academico": "Técnico Superior",
        "titulado_de": "ITSA"
    },
    {
        "nombre": "Alvaro",
        "apellido": "Nogales  Montaño",
        "ci": "8024659 CBBA",
        "codigo_registro": "03-204",
        "correo": "",
        "direccion": "Tacopoca - Sacaba - Cbba.",
        "celular": "76405053",
        "telefono": "",
        "fecha_afiliacion": "17/1/2023",
        "titulo_profesional": "Técnico Supeior en Topografia",
        "grado_academico": "Técnico Superior",
        "titulado_de": "ITSA"
    },
    {
        "nombre": "Israel",
        "apellido": "Breton  Laime",
        "ci": "7960959 CBBA",
        "codigo_registro": "03-205",
        "correo": "",
        "direccion": "Z/Norte Temporal - Cbba.",
        "celular": "68507606",
        "telefono": "",
        "fecha_afiliacion": "26/1/2023",
        "titulo_profesional": "Técnico Supeior en Topografia y Geodesia",
        "grado_academico": "Técnico Superior",
        "titulado_de": "ITICPM"
    },
    {
        "nombre": "Jose  Luis",
        "apellido": "Vargas  Vargas",
        "ci": "7929244 Cbba.",
        "codigo_registro": "03-206",
        "correo": "",
        "direccion": "Z/El Morro - Sacaba -Cbba.",
        "celular": "71434565",
        "telefono": "",
        "fecha_afiliacion": "31/1/2023",
        "titulo_profesional": "Técnico Supeior en Topografia y Geodesia",
        "grado_academico": "Técnico Superior",
        "titulado_de": "ITSA"
    },
    {
        "nombre": "Richard  Wilber",
        "apellido": "Fernandez  Cadima",
        "ci": "6501848 Cbba",
        "codigo_registro": "03-207",
        "correo": "",
        "direccion": "Z/Tuti Mayu Km25 - Sacaba - Cbba.",
        "celular": "68471154",
        "telefono": "",
        "fecha_afiliacion": "3/2/2023",
        "titulo_profesional": "Técnico Supeior en Topografia y Geodesia",
        "grado_academico": "Técnico Superior",
        "titulado_de": "ITSA"
    },
    {
        "nombre": "Juan  Jose",
        "apellido": "Paredes  Caceres",
        "ci": "9396142 Cbba.",
        "codigo_registro": "03-208",
        "correo": "",
        "direccion": "C/Ingavi - Sacaba",
        "celular": "72218264",
        "telefono": "",
        "fecha_afiliacion": "3/3/2023",
        "titulo_profesional": "Técnico Supeior en Topografia y Geodesia",
        "grado_academico": "Técnico Superior",
        "titulado_de": "ITICPM"
    },
    {
        "nombre": "Wilfredo",
        "apellido": "Vargas  Tola",
        "ci": "9417683 Cbba.",
        "codigo_registro": "03-209",
        "correo": "",
        "direccion": "Chimore - Cbba.",
        "celular": "67416537",
        "telefono": "",
        "fecha_afiliacion": "1/4/2023",
        "titulo_profesional": "Técnico Supeior en Topografia y Geodesia",
        "grado_academico": "Técnico Superior",
        "titulado_de": "ITSA"
    },
    {
        "nombre": "Luis  Beltran",
        "apellido": "Ramirez  Echeverria",
        "ci": "7353532 Cbba.",
        "codigo_registro": "03-210",
        "correo": "",
        "direccion": "Villa Choro - Tapacari - Cbba.",
        "celular": "68288401",
        "telefono": "",
        "fecha_afiliacion": "12/4/2023",
        "titulo_profesional": "Técnico Supeior en Topografia y Geodesia",
        "grado_academico": "Técnico Superior",
        "titulado_de": "ITSA"
    },
    {
        "nombre": "Luis  Rodrigo",
        "apellido": "Zapata  Zurita",
        "ci": "8669893 Cbba.",
        "codigo_registro": "03-211",
        "correo": "",
        "direccion": "Villa Obrajes -Sacaba - Cbba.",
        "celular": "-",
        "telefono": "",
        "fecha_afiliacion": "18/5/2023",
        "titulo_profesional": "Técnico Supeior en Topografia y Geodesia",
        "grado_academico": "Técnico Superior",
        "titulado_de": "ITSA"
    },
    {
        "nombre": "Omar",
        "apellido": "Totora  Veliz",
        "ci": "5902473 Cbba.",
        "codigo_registro": "03-212",
        "correo": "",
        "direccion": "Z/Villa pagador -Av. Humberto Asiru",
        "celular": "61590311",
        "telefono": "",
        "fecha_afiliacion": "11/5/2023",
        "titulo_profesional": "Técnico Supeior en Topografia",
        "grado_academico": "Técnico Superior",
        "titulado_de": "ITSA"
    },
    {
        "nombre": "Julia  Karina",
        "apellido": "Soto  Vidal",
        "ci": "9452860 Cbba.",
        "codigo_registro": "03-213",
        "correo": "",
        "direccion": "Av. Centenario N° 84 - Z/Taquiña - Cbba.",
        "celular": "61610410",
        "telefono": "",
        "fecha_afiliacion": "23/6/2023",
        "titulo_profesional": "Técnico Supeior en Topografia y Geodesia",
        "grado_academico": "Técnico Superior",
        "titulado_de": "ITICPM"
    },
    {
        "nombre": "Deymar",
        "apellido": "Virgo  Peñaranda",
        "ci": "10339445 CH.",
        "codigo_registro": "03-214",
        "correo": "",
        "direccion": "Z/Temporal - Cbba.",
        "celular": "73428297",
        "telefono": "",
        "fecha_afiliacion": "28/7/2023",
        "titulo_profesional": "Técnico Universitario Superior en Topografia",
        "grado_academico": "Técnico Superior",
        "titulado_de": "UMRPSFXCH"
    },
    {
        "nombre": "Saul  Santos",
        "apellido": "Calvi  Aguilar",
        "ci": "7904966 Cbba.",
        "codigo_registro": "03-215",
        "correo": "saulsantos2296@gmail.com",
        "direccion": "C/Victor Paz Estensoro N° 1145 Z/Cerro San Miguel - Cbba.",
        "celular": "65777576",
        "telefono": "",
        "fecha_afiliacion": "27/7/2023",
        "titulo_profesional": "Técnico Supeior en Topografia y Geodesia",
        "grado_academico": "Técnico Superior",
        "titulado_de": "ITICPM"
    },
    {
        "nombre": "Brian  Edson",
        "apellido": "Verduguez  Andia",
        "ci": "9438203 Cbba.",
        "codigo_registro": "03-216",
        "correo": "",
        "direccion": "Parada 4 1/2 - Z/Maica Sud - Cbba.",
        "celular": "78329347",
        "telefono": "",
        "fecha_afiliacion": "1/8/2023",
        "titulo_profesional": "Técnico Supeior en Topografia y Geodesia",
        "grado_academico": "Técnico Superior",
        "titulado_de": "ITICPM"
    },
    {
        "nombre": "Eva",
        "apellido": "Inturias  Ambrocio",
        "ci": "9480265 Cbba.",
        "codigo_registro": "03-217",
        "correo": "inturiaseva95@gmail.com",
        "direccion": "",
        "celular": "76992455",
        "telefono": "",
        "fecha_afiliacion": "8/8/2023",
        "titulo_profesional": "",
        "grado_academico": "",
        "titulado_de": ""
    },
    {
        "nombre": "Jhery  Pedro",
        "apellido": "Aguilar  Coria",
        "ci": "9317083 Cbba.",
        "codigo_registro": "03-218",
        "correo": "jheryaguilar43@gmail.com",
        "direccion": "",
        "celular": "78328200",
        "telefono": "",
        "fecha_afiliacion": "15/8/2023",
        "titulo_profesional": "",
        "grado_academico": "",
        "titulado_de": ""
    },
    {
        "nombre": "Jose  Jherman",
        "apellido": "Alarcon  Mamani",
        "ci": "9315300 Cbba.",
        "codigo_registro": "03-219",
        "correo": "jhermann.ing@gmail.com",
        "direccion": "",
        "celular": "60362232",
        "telefono": "",
        "fecha_afiliacion": "15/8/2023",
        "titulo_profesional": "",
        "grado_academico": "",
        "titulado_de": ""
    },
    {
        "nombre": "Juan  Cesar",
        "apellido": "Mamani  Escalera",
        "ci": "9534101 Cbba.",
        "codigo_registro": "03-220",
        "correo": "",
        "direccion": "",
        "celular": "74937791",
        "telefono": "",
        "fecha_afiliacion": "23/8/2023",
        "titulo_profesional": "",
        "grado_academico": "",
        "titulado_de": ""
    },
    {
        "nombre": "Carlos",
        "apellido": "Torrico  Vallejos",
        "ci": "6522086 Cbba",
        "codigo_registro": "03-221",
        "correo": "",
        "direccion": "",
        "celular": "71430048",
        "telefono": "",
        "fecha_afiliacion": "25/8/2023",
        "titulo_profesional": "",
        "grado_academico": "",
        "titulado_de": ""
    },
    {
        "nombre": "Elda",
        "apellido": "Calle  Sanchez",
        "ci": "9340302 QR",
        "codigo_registro": "03-222",
        "correo": "",
        "direccion": "",
        "celular": "69475319",
        "telefono": "",
        "fecha_afiliacion": "28/8/2023",
        "titulo_profesional": "",
        "grado_academico": "",
        "titulado_de": ""
    },
    {
        "nombre": "Ivo  Alejandro",
        "apellido": "Viscarra  Arze",
        "ci": "6434441 QR",
        "codigo_registro": "03-223",
        "correo": "",
        "direccion": "",
        "celular": "69433436",
        "telefono": "",
        "fecha_afiliacion": "28/8/2023",
        "titulo_profesional": "",
        "grado_academico": "",
        "titulado_de": ""
    },
    {
        "nombre": "Bertha",
        "apellido": "Ordoñez  Terrazas",
        "ci": "8024855 Cbba.",
        "codigo_registro": "03-224",
        "correo": "",
        "direccion": "",
        "celular": "71781589",
        "telefono": "",
        "fecha_afiliacion": "10/10/2023",
        "titulo_profesional": "",
        "grado_academico": "",
        "titulado_de": ""
    },
    {
        "nombre": "Orlando",
        "apellido": "Reyes  Flores",
        "ci": "7938825Cbba.",
        "codigo_registro": "03-225",
        "correo": "orland0712king@gmail.com",
        "direccion": "",
        "celular": "76995400",
        "telefono": "",
        "fecha_afiliacion": "24/10/2023",
        "titulo_profesional": "",
        "grado_academico": "",
        "titulado_de": ""
    },
    {
        "nombre": "Ruth",
        "apellido": "Peredo  Vargas",
        "ci": "13483490 Cbba.",
        "codigo_registro": "03-226",
        "correo": "",
        "direccion": "",
        "celular": "69535754",
        "telefono": "",
        "fecha_afiliacion": "24/10/2023",
        "titulo_profesional": "",
        "grado_academico": "",
        "titulado_de": ""
    },
    {
        "nombre": "Patricia  Monica",
        "apellido": "Condes  Cadima",
        "ci": "4999547 L.P.",
        "codigo_registro": "03-227",
        "correo": "",
        "direccion": "",
        "celular": "76709544",
        "telefono": "",
        "fecha_afiliacion": "26/10/2023",
        "titulo_profesional": "",
        "grado_academico": "",
        "titulado_de": ""
    },
    {
        "nombre": "Carlos",
        "apellido": "Mendieta  Arnez",
        "ci": "7934773 Cbba",
        "codigo_registro": "03-228",
        "correo": "",
        "direccion": "",
        "celular": "67612699",
        "telefono": "",
        "fecha_afiliacion": "13/11/2023",
        "titulo_profesional": "",
        "grado_academico": "",
        "titulado_de": ""
    },
    {
        "nombre": "Diego  Yeager",
        "apellido": "Camacho  Chiri",
        "ci": "8032756 Cbba.",
        "codigo_registro": "03-229",
        "correo": "",
        "direccion": "",
        "celular": "60388128",
        "telefono": "",
        "fecha_afiliacion": "21/11/2023",
        "titulo_profesional": "",
        "grado_academico": "",
        "titulado_de": ""
    },
    {
        "nombre": "Richard",
        "apellido": "Zeballos  Almanza",
        "ci": "8826608 cbba.",
        "codigo_registro": "03-230",
        "correo": "",
        "direccion": "",
        "celular": "63895601",
        "telefono": "",
        "fecha_afiliacion": "19/12/2023",
        "titulo_profesional": "",
        "grado_academico": "",
        "titulado_de": ""
    },
    {
        "nombre": "Mario",
        "apellido": "Chavarria  Flores",
        "ci": "7511088 Ch.",
        "codigo_registro": "03-231",
        "correo": "",
        "direccion": "",
        "celular": "73419886",
        "telefono": "",
        "fecha_afiliacion": "17/1/2024",
        "titulo_profesional": "",
        "grado_academico": "",
        "titulado_de": ""
    },
    {
        "nombre": "Rene",
        "apellido": "Charquetuna  Oporto",
        "ci": "10565728 Pt.",
        "codigo_registro": "03-232",
        "correo": "",
        "direccion": "",
        "celular": "74135391",
        "telefono": "",
        "fecha_afiliacion": "22/1/2024",
        "titulo_profesional": "",
        "grado_academico": "",
        "titulado_de": ""
    },
    {
        "nombre": "Alvaro",
        "apellido": "Amurrio  Alcocer",
        "ci": "8016563 Cbba.",
        "codigo_registro": "03-233",
        "correo": "",
        "direccion": "",
        "celular": "75915272",
        "telefono": "",
        "fecha_afiliacion": "26/1/2024",
        "titulo_profesional": "",
        "grado_academico": "",
        "titulado_de": ""
    },
    {
        "nombre": "Guido",
        "apellido": "Zalles  Choque",
        "ci": "6856343 L.P.",
        "codigo_registro": "03-234",
        "correo": "",
        "direccion": "",
        "celular": "60593972",
        "telefono": "",
        "fecha_afiliacion": "16/2/2024",
        "titulo_profesional": "",
        "grado_academico": "",
        "titulado_de": ""
    },
    {
        "nombre": "Samuel",
        "apellido": "Pacheco  Veizaga",
        "ci": "12490073 Cbba.",
        "codigo_registro": "03-235",
        "correo": "",
        "direccion": "",
        "celular": "72296310",
        "telefono": "",
        "fecha_afiliacion": "3/4/2024",
        "titulo_profesional": "",
        "grado_academico": "",
        "titulado_de": ""
    },
    {
        "nombre": "Jose  Luis",
        "apellido": "Cornejo  Camacho",
        "ci": "5931098 QR",
        "codigo_registro": "03-236",
        "correo": "",
        "direccion": "",
        "celular": "68181662",
        "telefono": "",
        "fecha_afiliacion": "12/6/2024",
        "titulo_profesional": "",
        "grado_academico": "",
        "titulado_de": ""
    },
    {
        "nombre": "Nelson",
        "apellido": "Siles  Padilla",
        "ci": "8023324 Cbba.",
        "codigo_registro": "03-237",
        "correo": "",
        "direccion": "",
        "celular": "79735885",
        "telefono": "",
        "fecha_afiliacion": "2/7/2024",
        "titulo_profesional": "",
        "grado_academico": "",
        "titulado_de": ""
    },
    {
        "nombre": "Ruben",
        "apellido": "Condori  Mejia",
        "ci": "6684249 Pt.",
        "codigo_registro": "03-238",
        "correo": "",
        "direccion": "",
        "celular": "67233075",
        "telefono": "",
        "fecha_afiliacion": "25/7/2024",
        "titulo_profesional": "",
        "grado_academico": "",
        "titulado_de": ""
    },
    {
        "nombre": "Jose  Luis",
        "apellido": "Cruz  Caraballo",
        "ci": "7883346 Cbba.",
        "codigo_registro": "03-239",
        "correo": "",
        "direccion": "",
        "celular": "",
        "telefono": "",
        "fecha_afiliacion": "17/8/2024",
        "titulo_profesional": "",
        "grado_academico": "",
        "titulado_de": ""
    },
    {
        "nombre": "Fabian",
        "apellido": "Achaya  Ajomado",
        "ci": "8560838 Pt.",
        "codigo_registro": "03-240",
        "correo": "",
        "direccion": "",
        "celular": "",
        "telefono": "",
        "fecha_afiliacion": "26/9/2024",
        "titulo_profesional": "",
        "grado_academico": "",
        "titulado_de": ""
    },
    {
        "nombre": "Jimmy",
        "apellido": "Mercado  Mamani",
        "ci": "5911457 Cbba.",
        "codigo_registro": "03-241",
        "correo": "",
        "direccion": "",
        "celular": "73798038",
        "telefono": "",
        "fecha_afiliacion": "2/10/2024",
        "titulo_profesional": "",
        "grado_academico": "",
        "titulado_de": ""
    },
    {
        "nombre": "Jocman",
        "apellido": "Flores  Ricaldes",
        "ci": "8739223 Cbba",
        "codigo_registro": "03-242",
        "correo": "",
        "direccion": "",
        "celular": "",
        "telefono": "",
        "fecha_afiliacion": "14/10/2024",
        "titulo_profesional": "",
        "grado_academico": "",
        "titulado_de": ""
    },
    {
        "nombre": "Jose  E.",
        "apellido": "Huanca  Gutierrez",
        "ci": "8818925 Cbba",
        "codigo_registro": "03-243",
        "correo": "",
        "direccion": "",
        "celular": "71005773",
        "telefono": "",
        "fecha_afiliacion": "5/12/2024",
        "titulo_profesional": "",
        "grado_academico": "",
        "titulado_de": ""
    },
    {
        "nombre": "Jorge  Hans",
        "apellido": "Aquino  Yucra",
        "ci": "8407978 L.P.",
        "codigo_registro": "03-244",
        "correo": "",
        "direccion": "",
        "celular": "75867117",
        "telefono": "",
        "fecha_afiliacion": "29/1/2025",
        "titulo_profesional": "",
        "grado_academico": "",
        "titulado_de": ""
    },
    {
        "nombre": "Jhonatan",
        "apellido": "Mirabal  Rodrigo",
        "ci": "8670685 Cbba.",
        "codigo_registro": "03-245",
        "correo": "",
        "direccion": "",
        "celular": "67454225",
        "telefono": "",
        "fecha_afiliacion": "10/3/2025",
        "titulo_profesional": "",
        "grado_academico": "",
        "titulado_de": ""
    },
    {
        "nombre": "Christian Mauricio",
        "apellido": "Aldana Martinez",
        "ci": "7485587 CHQ.",
        "codigo_registro": "ene-70",
        "correo": "",
        "direccion": "",
        "celular": "",
        "telefono": "",
        "fecha_afiliacion": "6/12/2023",
        "titulo_profesional": "Licenciado en Geodesia y Topografia",
        "grado_academico": "Licenciatura",
        "titulado_de": "UATF"
    }
]